{
  "queries": {
    "submit-survey": {
      "id": "submit-survey",
      "cells": [
        {
          "id": "81054",
          "widget": "code",
          "parameters": {
            "code": "\"This is the pixel to be run initially, using the InsertReactor\";\r\nDatabase ( database \u003d [ \"3dc1a0ef-96e3-4fc8-90c0-af68f8962644\" ] ) | Insert ( into \u003d [ MY_TODO__TASK , MY_TODO__TASK_ID , MY_TODO__STATUS ] , values \u003d [ ( \"{{task-name}}\" ) , (  \"{{task-id}}\" ) , ( \"{{task-status}}\" ) ] ) ;",
            "type": "pixel"
          }
        },
        {
          "id": "43999",
          "widget": "code",
          "parameters": {
            "type": "pixel",
            "code": "\"This is the pixel to be executed after compiling the MyTodoReactor\";\r\nSetContext(\"84c882fb-f984-4c18-8cb6-7377dee27553\");\r\n\r\nMyTodo ( database \u003d [ \"3dc1a0ef-96e3-4fc8-90c0-af68f8962644\" ], into \u003d [ MY_TODO__TASK , MY_TODO__TASK_ID , MY_TODO__STATUS ] , values \u003d [ ( \"{{task-name}}\" ) , ( \"{{task-id}}\" ) , ( \"{{task-status}}\" ) ]);"
          }
        }
      ]
    },
    "form-options": {
      "id": "form-options",
      "cells": [
        {
          "id": "53832",
          "widget": "code",
          "parameters": {
            "code": "[\"Open\", \"In-Progress\", \"Complete\"]",
            "type": "py"
          }
        },
        {
          "id": "10095",
          "widget": "code",
          "parameters": {
            "type": "pixel",
            "code": "Database( database\u003d[\"3dc1a0ef-96e3-4fc8-90c0-af68f8962644\"] )|Select(MY_TODO__STATUS, MY_TODO__TASK, MY_TODO__TASK_ID).as([STATUS, TASK, TASK_ID])|Distinct(false) | Import(frame\u003d[CreateFrame(frameType\u003d[GRID], override\u003d[true]).as([\"DATA\"])]);"
          }
        }
      ]
    }
  },
  "blocks": {
    "page-1": {
      "slots": {
        "content": {
          "children": [
            "welcome-text-block",
            "input--3485",
            "input--6952",
            "select--654",
            "grid--351",
            "button--5169"
          ],
          "name": "content"
        }
      },
      "widget": "page",
      "data": {
        "style": {
          "padding": "24px",
          "fontFamily": "roboto",
          "flexDirection": "column",
          "display": "flex",
          "gap": "8px"
        },
        "loading": "{{status-options.isLoading}}",
        "route": ""
      },
      "listeners": {
        "onPageLoad": [
          {
            "message": "RUN_QUERY",
            "payload": {
              "queryId": "form-options"
            }
          }
        ]
      },
      "id": "page-1"
    },
    "welcome-text-block": {
      "parent": {
        "id": "page-1",
        "slot": "content"
      },
      "slots": {},
      "widget": "text",
      "data": {
        "style": {
          "padding": "4px",
          "whiteSpace": "pre-line",
          "overflow": "auto",
          "textOverflow": "ellipsis"
        },
        "text": "Please update your task status below!"
      },
      "listeners": {},
      "id": "welcome-text-block"
    },
    "input--3485": {
      "id": "input--3485",
      "widget": "input",
      "parent": {
        "id": "page-1",
        "slot": "content"
      },
      "data": {
        "style": {
          "width": "100%",
          "padding": "4px"
        },
        "value": "",
        "label": "Task Name",
        "hint": "",
        "type": "text",
        "rows": 1.0,
        "multiline": false,
        "disabled": false,
        "required": false,
        "loading": false
      },
      "listeners": {
        "onChange": []
      },
      "slots": {
        "content": {
          "name": "content",
          "children": []
        }
      }
    },
    "button--5169": {
      "id": "button--5169",
      "widget": "button",
      "parent": {
        "id": "page-1",
        "slot": "content"
      },
      "data": {
        "style": {},
        "label": "Submit",
        "loading": false,
        "disabled": false,
        "variant": "contained",
        "color": "primary"
      },
      "listeners": {
        "onClick": [
          {
            "message": "RUN_QUERY",
            "payload": {
              "queryId": "submit-survey"
            }
          },
          {
            "message": "RUN_QUERY",
            "payload": {
              "queryId": "form-options"
            }
          }
        ]
      },
      "slots": {}
    },
    "select--654": {
      "id": "select--654",
      "widget": "select",
      "parent": {
        "id": "page-1",
        "slot": "content"
      },
      "data": {
        "style": {
          "padding": "4px"
        },
        "value": "Open",
        "label": "Task Status",
        "hint": "",
        "options": "{{status-options.output}}",
        "required": false,
        "disabled": false,
        "optionLabel": "",
        "optionSublabel": ""
      },
      "listeners": {
        "onChange": []
      },
      "slots": {
        "content": {
          "name": "content",
          "children": []
        }
      }
    },
    "input--6952": {
      "id": "input--6952",
      "widget": "input",
      "parent": {
        "id": "page-1",
        "slot": "content"
      },
      "data": {
        "style": {
          "width": "100%",
          "padding": "4px"
        },
        "value": "",
        "label": "Task ID",
        "hint": "",
        "type": "text",
        "rows": 1.0,
        "multiline": false,
        "disabled": false,
        "required": false,
        "loading": false
      },
      "listeners": {
        "onChange": []
      },
      "slots": {
        "content": {
          "name": "content",
          "children": []
        }
      }
    },
    "grid--351": {
      "id": "grid--351",
      "widget": "grid",
      "parent": {
        "id": "page-1",
        "slot": "content"
      },
      "data": {
        "frame": {
          "name": "DATA"
        },
        "columns": [
          {
            "name": "TASK_ID",
            "selector": "DATA__TASK_ID"
          },
          {
            "name": "STATUS",
            "selector": "DATA__STATUS"
          },
          {
            "name": "TASK",
            "selector": "DATA__TASK"
          }
        ],
        "view": {
          "pagination": true
        }
      },
      "listeners": {},
      "slots": {}
    }
  },
  "variables": {
    "task-id": {
      "type": "block",
      "to": "input--6952",
      "isInput": true
    },
    "task-name": {
      "type": "block",
      "to": "input--3485",
      "isInput": true
    },
    "task-status": {
      "type": "block",
      "to": "select--654",
      "isInput": true
    },
    "status-options": {
      "type": "cell",
      "to": "form-options",
      "cellId": "53832"
    },
    "dataframe": {
      "type": "cell",
      "to": "form-options",
      "cellId": "10095"
    }
  },
  "executionOrder": [
    "submit-survey",
    "form-options"
  ],
  "version": "1.0.0-alpha.4"
}